designators,qty,required_part,required_value,pcb_package,status_2026-09-19,action,notes
Q1-Q4,4,AO3400A,30V N-MOSF,SOT-23,CONFIRMED_AVAILABLE,none,"Amazon A09T/AO3400(A) parts physically available; verify orientation before placement"
D1-D4,4,B340A-13-F / SS34-class,3A 40V Schottky,SMA (DO-214AC),MISSING,ORDER,"Do not use SS14 1A here; buy at least 10 pcs for spares"
D5,1,1N5819W,1A 40V Schottky,SOD-123/SOD-123FL class,PACKAGE_MISMATCH_CONFIRMED,ORDER,"Eurocircuits production top-view visibly confirms a much smaller 2-pad D5 footprint near 5V/XIA than the SMA motor-diode pads; available SS14 SMA parts must not be forced onto it"
R1-R4,4,RC0603FR-07100RL,100 ohm 1%,0603,UNCONFIRMED,ORDER_IF_NOT_IDENTIFIED,"Buy 10-20 pcs; non-polar"
R5-R10,6,RC0603FR-07100KL,100 kohm 1%,0603,UNCONFIRMED,ORDER_IF_NOT_IDENTIFIED,"Buy 10-20 pcs; non-polar"
C3,1,CC0603KRX7R9BB104,100 nF 50V X7R,0603,MISSING,ORDER,"Buy 10-20 pcs; non-polar"
C1,1,EEE-FP1A471AP preferred,470 uF 10V low-ESR,SMD aluminum can ~8mm body,MISSING_SMD_CONFIRMED,ORDER,"Eurocircuits production preview shows a large SMD-can land pattern with no radial THT holes; BEEYUIHF radial electrolytic kit is not a drop-in replacement"
C2,1,Wurth 865060343005 preferred candidate,100 uF 16V low-impedance,SMD aluminum can ~6.3mm body,MISSING_SMD_CONFIRMED,ORDER,"Eurocircuits production preview shows a smaller SMD-can land pattern with no radial THT holes; candidate 6.3mm body class remains appropriate, verify polarity/orientation before reflow"
ASSORTMENT,1,JTAREA 6390pcs SMD 0603 assortment,"covers R1-R10, C3, D1-D4 SS34/1N5822-class; includes SS14 SMA too",mixed 0603 + SMA,RECOMMENDED_AMAZON_BUNDLE,ORDER_OPTION,"Amazon.de; 0603 version only, not 0805. Does not solve D5 SOD-123 or C1/C2 bulk SMD electrolytics"
